{"cameraMode":{"drawMode":0,"name":"Shaded","section":"Shading Mode"},"sceneLighting":true,"audioPlay":false,"sceneViewState":{"showFog":true,"showMaterialUpdate":false,"showSkybox":true,"showFlares":true,"showImageEffects":true,"showParticleSystems":true},"in2DMode":false,"pivot":{"x":12.614395141601563,"y":12.076745986938477,"z":-19.414125442504884},"rotation":{"x":-0.24331654608249665,"y":0.216607466340065,"z":-0.05584246665239334,"w":-0.9438056349754334},"size":3.314288854598999,"orthographic":false}